{"global_step": 6000, "_timestamp": 1644165573.7047305, "eval/mean_ep_length": 242.0, "eval/mean_reward": -3346.766845703125, "_runtime": 80, "_step": 2, "train/approx_kl": 0.0035125098656862974, "train/clip_fraction": 0.01235351525247097, "train/clip_range": 0.20000000298023224, "train/entropy_loss": -4.245527267456055, "train/explained_variance": -0.014861226081848145, "train/learning_rate": 0.0003000000142492354, "train/loss": 7171.91015625, "train/policy_gradient_loss": -0.0007584060076624155, "train/std": 0.9960033297538757, "train/value_loss": 17965.728515625}