{"global_step": 36000, "_timestamp": 1644241680.7110825, "eval/mean_ep_length": 1001.0, "eval/mean_reward": 508.1601867675781, "_runtime": 396, "_step": 17, "train/approx_kl": 0.004676180891692638, "train/clip_fraction": 0.04550781100988388, "train/clip_range": 0.20000000298023224, "train/entropy_loss": -4.249265193939209, "train/explained_variance": 0.8256285190582275, "train/learning_rate": 0.0003000000142492354, "train/loss": 9.080536842346191, "train/policy_gradient_loss": -0.004393709823489189, "train/std": 1.003964900970459, "train/value_loss": 42.19000244140625, "_wandb": {"runtime": 401}}